{"f1_train": 0.9952606635071091, "f1_test": 0.9411764705882353}